setting,test,strat,bin,n,acc_expr,acc_nbr,acc_smooth,gain_nbr,gain_smooth
DB->DB,DB1,umi_bin,low,7193,0.6507715834839427,0.6582788822466287,0.6638398442930628,0.0075072987626859655,0.013068260809120047
DB->DB,DB1,umi_bin,mid,7195,0.7612230715774844,0.7601111883252258,0.761084086170952,-0.0011118832522585276,-0.0001389854065323437
DB->DB,DB1,umi_bin,high,7186,0.837879209574172,0.8345393821319231,0.8349568605622043,-0.0033398274422488106,-0.00292234901196764
DB->DB,DB1,hom_bin,0-0.2,4578,0.48995194408038445,0.4521625163826999,0.41175185670598513,-0.03778942769768456,-0.07820008737439932
DB->DB,DB1,hom_bin,0.2-0.4,4733,0.6984998943587577,0.6972321994506655,0.7027255440523981,-0.0012676949080921984,0.004225649693640365
DB->DB,DB1,hom_bin,0.4-0.6,5354,0.8156518490847964,0.8305939484497572,0.8535674262233844,0.014942099364960826,0.037915577138588064
DB->DB,DB1,hom_bin,0.6-0.8,4576,0.8852709790209791,0.9047202797202797,0.9226398601398601,0.01944930069930062,0.03736888111888104
DB->DB,DB1,hom_bin,0.8-1,2333,0.9481354479211316,0.9618516930990142,0.9635662237462495,0.013716245177882613,0.01543077582511787
DB->DB,DB2,umi_bin,low,10361,0.6284142457291767,0.6560177589035807,0.6793745777434611,0.027603513174404015,0.050960332014284404
DB->DB,DB2,umi_bin,mid,10371,0.7626072702728763,0.767524828849677,0.7803490502362357,0.004917558576800651,0.01774177996335935
DB->DB,DB2,umi_bin,high,10350,0.8674396135265701,0.8682125603864734,0.8727536231884058,0.0007729468599033673,0.005314009661835706
DB->DB,DB2,hom_bin,0-0.2,5179,0.5172813284417841,0.4796292720602433,0.43348136705927787,-0.03765205638154079,-0.08379996138250623
DB->DB,DB2,hom_bin,0.2-0.4,6259,0.6798210576769452,0.668956702348618,0.6772647387761623,-0.010864355328327191,-0.0025563189007828946
DB->DB,DB2,hom_bin,0.4-0.6,8048,0.782927435387674,0.8076540755467196,0.8339960238568589,0.024726640159045687,0.05106858846918494
DB->DB,DB2,hom_bin,0.6-0.8,6567,0.8474189127455459,0.8845743870869499,0.9229480737018425,0.03715547434140398,0.07552916095629658
DB->DB,DB2,hom_bin,0.8-1,5029,0.9142970769536687,0.9471067806721019,0.9759395506064824,0.03280970371843317,0.06164247365281372
DB->DB,DB3,umi_bin,low,9001,0.690812131985335,0.6994778357960226,0.7291412065326075,0.008665703810687653,0.038329074547272524
DB->DB,DB3,umi_bin,mid,8993,0.80662737684866,0.7996219281663516,0.8130768375403091,-0.007005448682308457,0.006449460691649089
DB->DB,DB3,umi_bin,high,8997,0.8720684672668667,0.8697343558964099,0.8751806157608092,-0.002334111370456804,0.0031121484939424793
DB->DB,DB3,hom_bin,0-0.2,3923,0.5075197552893194,0.47540147846036196,0.4241651797094061,-0.032118276828957404,-0.08335457557991327
DB->DB,DB3,hom_bin,0.2-0.4,4734,0.6734262779890157,0.6533586818757922,0.6552598225602028,-0.020067596113223507,-0.0181664554288129
DB->DB,DB3,hom_bin,0.4-0.6,6404,0.8002810743285447,0.8101186758276078,0.8525921299188007,0.009837601499063098,0.05231105559025606
DB->DB,DB3,hom_bin,0.6-0.8,6415,0.8932190179267342,0.9072486360093531,0.9473109898674981,0.014029618082618933,0.05409197194076387
DB->DB,DB3,hom_bin,0.8-1,5515,0.9581142339075249,0.9693563009972801,0.9874886672710789,0.01124206708975517,0.029374433363553942
HU->HU,HU1,umi_bin,low,8236,0.39278776104905294,0.43528411850412824,0.43006313744536184,0.042496357455075295,0.0372753763963089
HU->HU,HU1,umi_bin,mid,8233,0.49082958824243894,0.5160937689785011,0.5045548402769343,0.02526418073606218,0.013725252034495372
HU->HU,HU1,umi_bin,high,8234,0.6315278115132378,0.6444012630556231,0.6292203060480933,0.012873451542385284,-0.002307505465144466
HU->HU,HU1,hom_bin,0-0.2,7347,0.35824145909895194,0.30529467809990474,0.2976725193956717,-0.052946780999047205,-0.060568939703280256
HU->HU,HU1,hom_bin,0.2-0.4,7689,0.4669007673299519,0.4812069189751593,0.4834178696839641,0.014306151645207432,0.016517102354012214
HU->HU,HU1,hom_bin,0.4-0.6,5991,0.5785344683692205,0.6668335837088967,0.6538140544149558,0.08829911533967616,0.07527958604573526
HU->HU,HU1,hom_bin,0.6-0.8,2927,0.7403484796720191,0.8520669627605056,0.8185855825076871,0.11171848308848653,0.07823710283566798
HU->HU,HU1,hom_bin,0.8-1,749,0.829105473965287,0.945260347129506,0.8811748998664887,0.11615487316421902,0.05206942590120167
HU->HU,HU2,umi_bin,low,8994,0.3708027573938181,0.42250389148321105,0.4023793640204581,0.05170113408939292,0.03157660662663997
HU->HU,HU2,umi_bin,mid,8982,0.5055666889334224,0.5229347584057003,0.5130260521042084,0.01736806947227787,0.007459363170785993
HU->HU,HU2,umi_bin,high,8981,0.6606168578109342,0.6832201313884868,0.6686337824295735,0.02260327357755265,0.008016924618639343
HU->HU,HU2,hom_bin,0-0.2,7801,0.3448275862068966,0.301884373798231,0.29124471221638254,-0.042943212408665554,-0.053582873990514035
HU->HU,HU2,hom_bin,0.2-0.4,8029,0.4572175862498443,0.47104247104247104,0.4573421347614896,0.013824884792626724,0.0001245485116452838
HU->HU,HU2,hom_bin,0.4-0.6,6189,0.5776377443851995,0.6705445144611407,0.6469542737114234,0.09290677007594117,0.0693165293262239
HU->HU,HU2,hom_bin,0.6-0.8,3483,0.7390180878552972,0.8486936548952053,0.8357737582543784,0.1096755670399081,0.09675567039908117
HU->HU,HU2,hom_bin,0.8-1,1455,0.8927835051546392,0.9553264604810997,0.9436426116838488,0.06254295532646048,0.05085910652920955
WT->DB,DB1,umi_bin,low,7193,0.6371472264701793,0.6388155150841095,0.657027665786181,0.0016682886139302022,0.019880439316001697
WT->DB,DB1,umi_bin,mid,7195,0.7634468380820014,0.7674774148714385,0.7722029186935372,0.004030576789437079,0.008756080611535766
WT->DB,DB1,umi_bin,high,7186,0.8601447258558308,0.8647369885889229,0.865154467019204,0.004592262733092101,0.00500974116337316
WT->DB,DB1,hom_bin,0-0.2,4578,0.48820445609436436,0.45150720838794234,0.4030144167758847,-0.03669724770642202,-0.08519003931847968
WT->DB,DB1,hom_bin,0.2-0.4,4733,0.691316289879569,0.6818085780688781,0.70188041411367,-0.009507711810690878,0.010564124234101024
WT->DB,DB1,hom_bin,0.4-0.6,5354,0.8210683601045947,0.8410534180052297,0.8742995890922675,0.019985057900634984,0.05323122898767274
WT->DB,DB1,hom_bin,0.6-0.8,4576,0.8983828671328671,0.9285402097902098,0.9503933566433567,0.03015734265734271,0.05201048951048959
WT->DB,DB1,hom_bin,0.8-1,2333,0.9614230604372053,0.9794256322331761,0.9867123874839263,0.018002571795970868,0.025289327046721044
WT->DB,DB2,umi_bin,low,10361,0.6152880996042853,0.6415403918540682,0.6725219573400251,0.02625229224978287,0.057233857735739746
WT->DB,DB2,umi_bin,mid,10371,0.7561469482210008,0.760196702343072,0.7762992961141645,0.004049754122071203,0.02015234789316367
WT->DB,DB2,umi_bin,high,10350,0.8636714975845411,0.8671497584541062,0.8714975845410629,0.003478260869565153,0.00782608695652176
WT->DB,DB2,hom_bin,0-0.2,5179,0.5138057540065649,0.4763467850936474,0.4259509557829697,-0.0374589689129175,-0.08785479822359521
WT->DB,DB2,hom_bin,0.2-0.4,6259,0.6708739415242051,0.6630452148905576,0.6686371624860201,-0.007828726633647531,-0.0022367790381849773
WT->DB,DB2,hom_bin,0.4-0.6,8048,0.7782057654075547,0.8044234592445328,0.8390904572564613,0.02621769383697814,0.06088469184890655
WT->DB,DB2,hom_bin,0.6-0.8,6567,0.8395005329678696,0.8740673062281102,0.9180752246078879,0.0345667732602406,0.07857469164001829
WT->DB,DB2,hom_bin,0.8-1,5029,0.898787035195864,0.9296082720222708,0.9675879896599722,0.030821236826406806,0.06880095446410817
WT->DB,DB3,umi_bin,low,9001,0.684701699811132,0.7012554160648817,0.7283635151649817,0.016553716253749684,0.04366181535384961
WT->DB,DB3,umi_bin,mid,8993,0.8078505504281107,0.8069609696430557,0.8145224063160236,-0.0008895807850549664,0.006671855887912859
WT->DB,DB3,umi_bin,high,8997,0.8689563187729243,0.8692897632544181,0.8745137267978215,0.00033344448149374983,0.005557408024897126
WT->DB,DB3,hom_bin,0-0.2,3923,0.5042059648228396,0.47208768799388223,0.4272240632169258,-0.032118276828957404,-0.07698190160591384
WT->DB,DB3,hom_bin,0.2-0.4,4734,0.6776510350654837,0.6685678073510773,0.6662441909590199,-0.009083227714406394,-0.011406844106463865
WT->DB,DB3,hom_bin,0.4-0.6,6404,0.8044971892567145,0.816052467207995,0.8530605871330419,0.011555277951280418,0.04856339787632735
WT->DB,DB3,hom_bin,0.6-0.8,6415,0.8835541699142635,0.9078721745908028,0.9398285268901013,0.02431800467653933,0.056274356975837825
WT->DB,DB3,hom_bin,0.8-1,5515,0.9501359927470535,0.9651858567543065,0.9840435176790571,0.015049864007252944,0.03390752493200355
WT->HU,HU1,umi_bin,low,8236,0.3891452161243322,0.37712481787275376,0.3937591063623118,-0.012020398251578468,0.00461389023797959
WT->HU,HU1,umi_bin,mid,8233,0.37665492530061945,0.3785983238187781,0.38661484270618246,0.0019433985181586677,0.009959917405563012
WT->HU,HU1,umi_bin,high,8234,0.45008501335924217,0.47656060238037407,0.4729171726985669,0.026475589021131896,0.022832159339324753
WT->HU,HU1,hom_bin,0-0.2,7347,0.31631958622567036,0.3146862665033347,0.29345311011297126,-0.0016333197223356577,-0.022866476112699097
WT->HU,HU1,hom_bin,0.2-0.4,7689,0.3545324489530498,0.34204708024450514,0.3524515541682924,-0.012485368708544664,-0.0020808947847574255
WT->HU,HU1,hom_bin,0.4-0.6,5991,0.44132865965615087,0.4543481889500918,0.4775496578200634,0.013019529293940957,0.036220998163912554
WT->HU,HU1,hom_bin,0.6-0.8,2927,0.5999316706525453,0.6385377519644687,0.6727024256918347,0.038606081311923446,0.07277075503928943
WT->HU,HU1,hom_bin,0.8-1,749,0.7503337783711616,0.8197596795727636,0.8331108144192256,0.06942590120160208,0.08277703604806408
WT->HU,HU2,umi_bin,low,8994,0.3742494996664443,0.3634645319101623,0.37903046475428065,-0.01078496775628196,0.004780965087836375
WT->HU,HU2,umi_bin,mid,8982,0.38165219327543976,0.38354486751280337,0.38877755511022044,0.0018926742373636118,0.007125361834780686
WT->HU,HU2,umi_bin,high,8981,0.47901124596370115,0.5110789444382585,0.5066250974279034,0.03206769847455737,0.027613851464202255
WT->HU,HU2,hom_bin,0-0.2,7801,0.29752595821048583,0.2999615433918728,0.2715036533777721,0.002435585181386979,-0.026022304832713727
WT->HU,HU2,hom_bin,0.2-0.4,8029,0.3476148960019928,0.34612031386224934,0.3395192427450492,-0.001494582139743461,-0.008095653256943613
WT->HU,HU2,hom_bin,0.4-0.6,6189,0.43044110518662143,0.4393278397156245,0.46695750525125224,0.00888673452900307,0.036516400064630805
WT->HU,HU2,hom_bin,0.6-0.8,3483,0.6204421475739306,0.6497272466264714,0.6973873097904105,0.02928509905254084,0.07694516221647996
WT->HU,HU2,hom_bin,0.8-1,1455,0.7965635738831615,0.8268041237113402,0.8852233676975945,0.030240549828178698,0.08865979381443301
WT->WT,WT1,umi_bin,low,8336,0.6246401151631478,0.6362763915547025,0.6426343570057581,0.011636276391554734,0.017994241842610337
WT->WT,WT1,umi_bin,mid,8305,0.7499096929560506,0.7548464780252859,0.7524382901866346,0.004936785069235339,0.002528597230583962
WT->WT,WT1,umi_bin,high,8321,0.8442494892440813,0.8472539358250211,0.8471337579617835,0.0030044465809397902,0.0028842687177021986
WT->WT,WT1,hom_bin,0-0.2,4260,0.4164319248826291,0.3957746478873239,0.33474178403755867,-0.020657276995305174,-0.08169014084507042
WT->WT,WT1,hom_bin,0.2-0.4,4689,0.5928769460439326,0.5770953294945618,0.564725954361271,-0.015781616549370825,-0.028150991682661552
WT->WT,WT1,hom_bin,0.4-0.6,6039,0.7820831263454214,0.8041066401722139,0.8289451896009273,0.022023513826792462,0.046862063255505904
WT->WT,WT1,hom_bin,0.6-0.8,5718,0.9010143406785589,0.9260230849947534,0.9466596712137111,0.025008744316194487,0.045645330535152184
WT->WT,WT1,hom_bin,0.8-1,4256,0.9471334586466166,0.9586466165413534,0.9779135338345865,0.011513157894736836,0.03078007518796988
WT->WT,WT2,umi_bin,low,8447,0.640108914407482,0.6833195217236889,0.7017876169054102,0.04321060731620696,0.061678702497928284
WT->WT,WT2,umi_bin,mid,8451,0.7816826411075612,0.7825109454502426,0.784877529286475,0.0008283043426813297,0.0031948881789137795
WT->WT,WT2,umi_bin,high,8442,0.8512200900260601,0.8540630182421227,0.851575456053068,0.002842928216062579,0.0003553660270078085
WT->WT,WT2,hom_bin,0-0.2,4317,0.4116284456798703,0.3896224229789205,0.3242992819087329,-0.022006022700949757,-0.08732916377113736
WT->WT,WT2,hom_bin,0.2-0.4,4790,0.6361169102296451,0.6413361169102296,0.6405010438413361,0.005219206680584509,0.004384133611690988
WT->WT,WT2,hom_bin,0.4-0.6,6366,0.8100848256361922,0.8361608545397424,0.8774740810556079,0.026076028903550208,0.06738925541941565
WT->WT,WT2,hom_bin,0.6-0.8,5807,0.9140692267952472,0.9478215946271741,0.9724470466678147,0.03375236783192692,0.058377819872567516
WT->WT,WT2,hom_bin,0.8-1,4060,0.9630541871921182,0.9886699507389163,0.9972906403940887,0.025615763546798065,0.03423645320197044
WT->WT,WT3,umi_bin,low,11541,0.6641538861450481,0.6788839788579846,0.6937007191751148,0.01473009271293646,0.029546833030066666
WT->WT,WT3,umi_bin,mid,11543,0.7849779086892489,0.7881833145629386,0.7899159663865546,0.0032054058736896707,0.004938057697305709
WT->WT,WT3,umi_bin,high,11540,0.8750433275563259,0.8785095320623917,0.8760831889081456,0.0034662045060658286,0.0010398613518197708
WT->WT,WT3,hom_bin,0-0.2,5290,0.4283553875236295,0.4007561436672968,0.35897920604914935,-0.027599243856332722,-0.06937618147448016
WT->WT,WT3,hom_bin,0.2-0.4,6017,0.6262256938673758,0.6057836130962273,0.6157553598138608,-0.020442080771148508,-0.010470334053515051
WT->WT,WT3,hom_bin,0.4-0.6,8470,0.8020070838252656,0.8193624557260921,0.8467532467532467,0.017355371900826477,0.04474616292798106
WT->WT,WT3,hom_bin,0.6-0.8,7883,0.914372700748446,0.9464670810605099,0.9558543701636433,0.03209438031206391,0.041481669415197264
WT->WT,WT3,hom_bin,0.8-1,6964,0.9748707639287766,0.9915278575531303,0.9941125789775991,0.016657093624353747,0.019241815048822497
WTDB->HU,HU1,umi_bin,low,8236,0.38647401651287033,0.3857455075279262,0.39339485186983975,-0.0007285089849441428,0.0069208353569694125
WTDB->HU,HU1,umi_bin,mid,8233,0.38503583141017855,0.3880723915948014,0.3954815984452812,0.0030365601846228385,0.010445767035102638
WTDB->HU,HU1,umi_bin,high,8234,0.4528783094486276,0.4662375516152538,0.4740102016031091,0.013359242166626206,0.02113189215448147
WTDB->HU,HU1,hom_bin,0-0.2,7347,0.3216278753232612,0.31305294678099904,0.2975364094188104,-0.008574928542262161,-0.024091465904450826
WTDB->HU,HU1,hom_bin,0.2-0.4,7689,0.35687345558590194,0.35271166601638704,0.3638964754844583,-0.0041617895695149065,0.00702301989855636
WTDB->HU,HU1,hom_bin,0.4-0.6,5991,0.44082790852946085,0.4555166082457019,0.47537973627107327,0.014688699716241038,0.03455182774161242
WTDB->HU,HU1,hom_bin,0.6-0.8,2927,0.6064229586607448,0.6409292791253843,0.6658694909463615,0.03450632046463953,0.05944653228561669
WTDB->HU,HU1,hom_bin,0.8-1,749,0.7463284379172229,0.7930574098798397,0.8251001335113485,0.04672897196261683,0.07877169559412556
WTDB->HU,HU2,umi_bin,low,8994,0.3811429842116967,0.37903046475428065,0.3863686902379364,-0.002112519457416029,0.005225706026239729
WTDB->HU,HU2,umi_bin,mid,8982,0.38810955243820977,0.3940102427076375,0.39857492763304386,0.005900690269427744,0.010465375194834092
WTDB->HU,HU2,umi_bin,high,8981,0.4815722079946554,0.5010577886649593,0.5070704821289389,0.019485580670303926,0.025498274134283516
WTDB->HU,HU2,hom_bin,0-0.2,7801,0.30739648762979105,0.30252531726701704,0.28175874887834895,-0.004871170362774013,-0.025637738751442096
WTDB->HU,HU2,hom_bin,0.2-0.4,8029,0.34948312367667206,0.35147589986299665,0.34960767218831734,0.0019927761863245963,0.0001245485116452838
WTDB->HU,HU2,hom_bin,0.4-0.6,6189,0.4320568751009856,0.44255937954435287,0.4676038132169979,0.010502504443367255,0.03554693811601228
WTDB->HU,HU2,hom_bin,0.6-0.8,3483,0.629342520815389,0.6617858168245765,0.6976744186046512,0.032443296009187494,0.06833189778926219
WTDB->HU,HU2,hom_bin,0.8-1,1455,0.8034364261168385,0.8398625429553265,0.8797250859106529,0.036426116838487954,0.07628865979381438
